id,labels
test_img_10001.jpeg,0
test_img_10002.jpeg,0
test_img_10003.jpeg,0
test_img_10004.jpeg,0
test_img_10005.jpeg,0
test_img_10006.jpeg,0
test_img_10007.jpeg,0
test_img_10008.jpeg,0
test_img_10009.jpeg,0
test_img_10010.jpeg,0
test_img_10011.jpeg,0
test_img_10012.jpeg,0
test_img_10013.jpeg,0
test_img_10014.jpeg,0
test_img_10015.jpeg,0
test_img_10016.jpeg,0
test_img_10017.jpeg,0
test_img_10018.jpeg,0
test_img_10019.jpeg,0
test_img_10020.jpeg,0
test_img_10021.jpeg,0
test_img_10022.jpeg,0
test_img_10023.jpeg,0
test_img_10024.jpeg,0
test_img_10025.jpeg,0
test_img_10026.jpeg,0
test_img_10027.jpeg,0
test_img_10028.jpeg,0
test_img_10029.jpeg,0
test_img_10030.jpeg,0
test_img_10031.jpeg,0
test_img_10032.jpeg,0
test_img_10033.jpeg,0
test_img_10034.jpeg,0
test_img_10035.jpeg,0
test_img_10036.jpeg,0
test_img_10037.jpeg,0
test_img_10038.jpeg,0
test_img_10039.jpeg,0
test_img_10040.jpeg,0
test_img_10041.jpeg,0
test_img_10042.jpeg,0
test_img_10043.jpeg,0
test_img_10044.jpeg,0
test_img_10045.jpeg,0
test_img_10046.jpeg,0
test_img_10047.jpeg,0
test_img_10048.jpeg,0
test_img_10049.jpeg,0
test_img_10050.jpeg,0
test_img_10051.jpeg,0
test_img_10052.jpeg,0
test_img_10053.jpeg,0
test_img_10054.jpeg,0
test_img_10055.jpeg,0
test_img_10056.jpeg,0
test_img_10057.jpeg,0
test_img_10058.jpeg,0
test_img_10059.jpeg,0
test_img_10060.jpeg,0
test_img_10061.jpeg,0
test_img_10062.jpeg,0
test_img_10063.jpeg,0
test_img_10064.jpeg,0
test_img_10065.jpeg,0
test_img_10066.jpeg,0
test_img_10067.jpeg,0
test_img_10068.jpeg,0
test_img_10069.jpeg,0
test_img_10070.jpeg,0
test_img_10071.jpeg,0
test_img_10072.jpeg,0
test_img_10073.jpeg,0
test_img_10074.jpeg,0
test_img_10075.jpeg,0
test_img_10076.jpeg,0
test_img_10077.jpeg,0
test_img_10078.jpeg,0
test_img_10079.jpeg,0
test_img_10080.jpeg,0
test_img_10081.jpeg,0
test_img_10082.jpeg,0
test_img_10083.jpeg,0
test_img_10084.jpeg,0
test_img_10085.jpeg,0
test_img_10086.jpeg,0
test_img_10087.jpeg,0
test_img_10088.jpeg,0
test_img_10089.jpeg,0
test_img_10090.jpeg,0
test_img_10091.jpeg,0
test_img_10092.jpeg,0
test_img_10093.jpeg,0
test_img_10094.jpeg,0
test_img_10095.jpeg,0
test_img_10096.jpeg,0
test_img_10097.jpeg,0
test_img_10098.jpeg,0
test_img_10099.jpeg,0
test_img_10100.jpeg,0
test_img_10101.jpeg,0
test_img_10102.jpeg,0
test_img_10103.jpeg,0
test_img_10104.jpeg,0
test_img_10105.jpeg,0
test_img_10106.jpeg,0
test_img_10107.jpeg,0
test_img_10108.jpeg,0
test_img_10109.jpeg,0
test_img_10110.jpeg,0
test_img_10111.jpeg,0
test_img_10112.jpeg,0
test_img_10113.jpeg,0
test_img_10114.jpeg,0
test_img_10115.jpeg,0
test_img_10116.jpeg,0
test_img_10117.jpeg,0
test_img_10118.jpeg,0
test_img_10119.jpeg,0
test_img_10120.jpeg,0
test_img_10121.jpeg,0
test_img_10122.jpeg,0
test_img_10123.jpeg,0
test_img_10124.jpeg,0
test_img_10125.jpeg,0
test_img_10126.jpeg,0
test_img_10127.jpeg,0
test_img_10128.jpeg,0
test_img_10129.jpeg,0
test_img_10130.jpeg,0
test_img_10131.jpeg,0
test_img_10132.jpeg,0
test_img_10133.jpeg,0
test_img_10134.jpeg,0
test_img_10135.jpeg,0
test_img_10136.jpeg,0
test_img_10137.jpeg,0
test_img_10138.jpeg,0
test_img_10139.jpeg,0
test_img_10140.jpeg,0
test_img_10141.jpeg,0
test_img_10142.jpeg,0
test_img_10143.jpeg,0
test_img_10144.jpeg,0
test_img_10145.jpeg,0
test_img_10146.jpeg,0
test_img_10147.jpeg,0
test_img_10148.jpeg,0
test_img_10149.jpeg,0
test_img_10150.jpeg,0
test_img_10151.jpeg,0
test_img_10152.jpeg,0
test_img_10153.jpeg,0
test_img_10154.jpeg,0
test_img_10155.jpeg,0
test_img_10156.jpeg,0
test_img_10157.jpeg,0
test_img_10158.jpeg,0
test_img_10159.jpeg,0
test_img_10160.jpeg,0
test_img_10161.jpeg,0
test_img_10162.jpeg,0
test_img_10163.jpeg,0
test_img_10164.jpeg,0
test_img_10165.jpeg,0
test_img_10166.jpeg,0
test_img_10167.jpeg,0
test_img_10168.jpeg,0
test_img_10169.jpeg,0
test_img_10170.jpeg,0
test_img_10171.jpeg,0
test_img_10172.jpeg,0
test_img_10173.jpeg,0
test_img_10174.jpeg,0
test_img_10175.jpeg,0
test_img_10176.jpeg,0
test_img_10177.jpeg,0
test_img_10178.jpeg,0
test_img_10179.jpeg,0
test_img_10180.jpeg,0
test_img_10181.jpeg,0
test_img_10182.jpeg,0
test_img_10183.jpeg,0
test_img_10184.jpeg,0
test_img_10185.jpeg,0
test_img_10186.jpeg,0
test_img_10187.jpeg,0
test_img_10188.jpeg,0
test_img_10189.jpeg,0
test_img_10190.jpeg,0
test_img_10191.jpeg,0
test_img_10192.jpeg,0
test_img_10193.jpeg,0
test_img_10194.jpeg,0
test_img_10195.jpeg,0
test_img_10196.jpeg,0
test_img_10197.jpeg,0
test_img_10198.jpeg,0
test_img_10199.jpeg,0
test_img_10200.jpeg,0
test_img_10201.jpeg,0
test_img_10202.jpeg,0
test_img_10203.jpeg,0
test_img_10204.jpeg,0
test_img_10205.jpeg,0
test_img_10206.jpeg,0
test_img_10207.jpeg,0
test_img_10208.jpeg,0
test_img_10209.jpeg,0
test_img_10210.jpeg,0
test_img_10211.jpeg,0
test_img_10212.jpeg,0
test_img_10213.jpeg,0
test_img_10214.jpeg,0
test_img_10215.jpeg,0
test_img_10216.jpeg,0
test_img_10217.jpeg,0
test_img_10218.jpeg,0
test_img_10219.jpeg,0
test_img_10220.jpeg,0
test_img_10221.jpeg,0
test_img_10222.jpeg,0
test_img_10223.jpeg,0
test_img_10224.jpeg,0
test_img_10225.jpeg,0
test_img_10226.jpeg,0
test_img_10227.jpeg,0
test_img_10228.jpeg,0
test_img_10229.jpeg,0
test_img_10230.jpeg,0
test_img_10231.jpeg,0
test_img_10232.jpeg,0
test_img_10233.jpeg,0
test_img_10234.jpeg,0
test_img_10235.jpeg,0
test_img_10236.jpeg,0
test_img_10237.jpeg,0
test_img_10238.jpeg,0
test_img_10239.jpeg,0
test_img_10240.jpeg,0
test_img_10241.jpeg,0
test_img_10242.jpeg,0
test_img_10243.jpeg,0
test_img_10244.jpeg,0
test_img_10245.jpeg,0
test_img_10246.jpeg,0
test_img_10247.jpeg,0
test_img_10248.jpeg,0
test_img_10249.jpeg,0
test_img_10250.jpeg,0
test_img_10251.jpeg,0
test_img_10252.jpeg,0
test_img_10253.jpeg,0
test_img_10254.jpeg,0
test_img_10255.jpeg,0
test_img_10256.jpeg,0
test_img_10257.jpeg,0
test_img_10258.jpeg,0
test_img_10259.jpeg,0
test_img_10260.jpeg,0
test_img_10261.jpeg,0
test_img_10262.jpeg,0
test_img_10263.jpeg,0
test_img_10264.jpeg,0
test_img_10265.jpeg,0
test_img_10266.jpeg,0
test_img_10267.jpeg,0
test_img_10268.jpeg,0
test_img_10269.jpeg,0
test_img_10270.jpeg,0
test_img_10271.jpeg,0
test_img_10272.jpeg,0
test_img_10273.jpeg,0
test_img_10274.jpeg,0
test_img_10275.jpeg,0
test_img_10276.jpeg,0
test_img_10277.jpeg,0
test_img_10278.jpeg,0
test_img_10279.jpeg,0
test_img_10280.jpeg,0
test_img_10281.jpeg,0
test_img_10282.jpeg,0
test_img_10283.jpeg,0
test_img_10284.jpeg,0
test_img_10285.jpeg,0
test_img_10286.jpeg,0
test_img_10287.jpeg,0
test_img_10288.jpeg,0
test_img_10289.jpeg,0
test_img_10290.jpeg,0
test_img_10291.jpeg,0
test_img_10292.jpeg,0
test_img_10293.jpeg,0
test_img_10294.jpeg,0
test_img_10295.jpeg,0
test_img_10296.jpeg,0
test_img_10297.jpeg,0
test_img_10298.jpeg,0
test_img_10299.jpeg,0
test_img_10300.jpeg,0
test_img_10301.jpeg,0
test_img_10302.jpeg,0
test_img_10303.jpeg,0
test_img_10304.jpeg,0
test_img_10305.jpeg,0
test_img_10306.jpeg,0
test_img_10307.jpeg,0
test_img_10308.jpeg,0
test_img_10309.jpeg,0
test_img_10310.jpeg,0
test_img_10311.jpeg,0
test_img_10312.jpeg,0
test_img_10313.jpeg,0
test_img_10314.jpeg,0
test_img_10315.jpeg,0
test_img_10316.jpeg,0
test_img_10317.jpeg,0
test_img_10318.jpeg,0
test_img_10319.jpeg,0
test_img_10320.jpeg,0
test_img_10321.jpeg,0
test_img_10322.jpeg,0
test_img_10323.jpeg,0
test_img_10324.jpeg,0
test_img_10325.jpeg,0
test_img_10326.jpeg,0
test_img_10327.jpeg,0
test_img_10328.jpeg,0
test_img_10329.jpeg,0
test_img_10330.jpeg,0
test_img_10331.jpeg,0
test_img_10332.jpeg,0
test_img_10333.jpeg,0
test_img_10334.jpeg,0
test_img_10335.jpeg,0
test_img_10336.jpeg,0
test_img_10337.jpeg,0
test_img_10338.jpeg,0
test_img_10339.jpeg,0
test_img_10340.jpeg,0
test_img_10341.jpeg,0
test_img_10342.jpeg,0
test_img_10343.jpeg,0
test_img_10344.jpeg,0
test_img_10345.jpeg,0
test_img_10346.jpeg,0
test_img_10347.jpeg,0
test_img_10348.jpeg,0
test_img_10349.jpeg,0
test_img_10350.jpeg,0
test_img_10351.jpeg,0
test_img_10352.jpeg,0
test_img_10353.jpeg,0
test_img_10354.jpeg,0
test_img_10355.jpeg,0
test_img_10356.jpeg,0
test_img_10357.jpeg,0
test_img_10358.jpeg,0
test_img_10359.jpeg,0
test_img_10360.jpeg,0
test_img_10361.jpeg,0
test_img_10362.jpeg,0
test_img_10363.jpeg,0
test_img_10364.jpeg,0
test_img_10365.jpeg,0
test_img_10366.jpeg,0
test_img_10367.jpeg,0
test_img_10368.jpeg,0
test_img_10369.jpeg,0
test_img_10370.jpeg,0
test_img_10371.jpeg,0
test_img_10372.jpeg,0
test_img_10373.jpeg,0
test_img_10374.jpeg,0
test_img_10375.jpeg,0
test_img_10376.jpeg,0
test_img_10377.jpeg,0
test_img_10378.jpeg,0
test_img_10379.jpeg,0
test_img_10380.jpeg,0
test_img_10381.jpeg,0
test_img_10382.jpeg,0
test_img_10383.jpeg,0
test_img_10384.jpeg,0
test_img_10385.jpeg,0
test_img_10386.jpeg,0
test_img_10387.jpeg,0
test_img_10388.jpeg,0
test_img_10389.jpeg,0
test_img_10390.jpeg,0
test_img_10391.jpeg,0
test_img_10392.jpeg,0
test_img_10393.jpeg,0
test_img_10394.jpeg,0
test_img_10395.jpeg,0
test_img_10396.jpeg,0
test_img_10397.jpeg,0
test_img_10398.jpeg,0
test_img_10399.jpeg,0
test_img_10400.jpeg,0
test_img_10401.jpeg,0
test_img_10402.jpeg,0
test_img_10403.jpeg,0
test_img_10404.jpeg,0
test_img_10405.jpeg,0
test_img_10406.jpeg,0
test_img_10407.jpeg,0
test_img_10408.jpeg,0
test_img_10409.jpeg,0
test_img_10410.jpeg,0
test_img_10411.jpeg,0
test_img_10412.jpeg,0
test_img_10413.jpeg,0
test_img_10414.jpeg,0
test_img_10415.jpeg,0
test_img_10416.jpeg,0
test_img_10417.jpeg,0
test_img_10418.jpeg,0
test_img_10419.jpeg,0
test_img_10420.jpeg,0
test_img_10421.jpeg,0
test_img_10422.jpeg,0
test_img_10423.jpeg,0
test_img_10424.jpeg,0
test_img_10425.jpeg,0
test_img_10426.jpeg,0
test_img_10427.jpeg,0
test_img_10428.jpeg,0
test_img_10429.jpeg,0
test_img_10430.jpeg,0
test_img_10431.jpeg,0
test_img_10432.jpeg,0
test_img_10433.jpeg,0
test_img_10434.jpeg,0
test_img_10435.jpeg,0
test_img_10436.jpeg,0
test_img_10437.jpeg,0
test_img_10438.jpeg,0
test_img_10439.jpeg,0
test_img_10440.jpeg,0
test_img_10441.jpeg,0
test_img_10442.jpeg,0
test_img_10443.jpeg,0
test_img_10444.jpeg,0
test_img_10445.jpeg,0
test_img_10446.jpeg,0
test_img_10447.jpeg,0
test_img_10448.jpeg,0
test_img_10449.jpeg,0
test_img_10450.jpeg,0
test_img_10451.jpeg,0
test_img_10452.jpeg,0
test_img_10453.jpeg,0
test_img_10454.jpeg,0
test_img_10455.jpeg,0
test_img_10456.jpeg,0
test_img_10457.jpeg,0
test_img_10458.jpeg,0
test_img_10459.jpeg,0
test_img_10460.jpeg,0
test_img_10461.jpeg,0
test_img_10462.jpeg,0
test_img_10463.jpeg,0
test_img_10464.jpeg,0
test_img_10465.jpeg,0
test_img_10466.jpeg,0
test_img_10467.jpeg,0
test_img_10468.jpeg,0
test_img_10469.jpeg,0
test_img_10470.jpeg,0
test_img_10471.jpeg,0
test_img_10472.jpeg,0
test_img_10473.jpeg,0
test_img_10474.jpeg,0
test_img_10475.jpeg,0
test_img_10476.jpeg,0
test_img_10477.jpeg,0
test_img_10478.jpeg,0
test_img_10479.jpeg,0
test_img_10480.jpeg,0
test_img_10481.jpeg,0
test_img_10482.jpeg,0
test_img_10483.jpeg,0
test_img_10484.jpeg,0
test_img_10485.jpeg,0
test_img_10486.jpeg,0
test_img_10487.jpeg,0
test_img_10488.jpeg,0
test_img_10489.jpeg,0
test_img_10490.jpeg,0
test_img_10491.jpeg,0
test_img_10492.jpeg,0
test_img_10493.jpeg,0
test_img_10494.jpeg,0
test_img_10495.jpeg,0
test_img_10496.jpeg,0
test_img_10497.jpeg,0
test_img_10498.jpeg,0
test_img_10499.jpeg,0
test_img_10500.jpeg,0
test_img_10501.jpeg,0
test_img_10502.jpeg,0
test_img_10503.jpeg,0
test_img_10504.jpeg,0
test_img_10505.jpeg,0
test_img_10506.jpeg,0
test_img_10507.jpeg,0
test_img_10508.jpeg,0
test_img_10509.jpeg,0
test_img_10510.jpeg,0
test_img_10511.jpeg,0
test_img_10512.jpeg,0
test_img_10513.jpeg,0
test_img_10514.jpeg,0
test_img_10515.jpeg,0
test_img_10516.jpeg,0
test_img_10517.jpeg,0
test_img_10518.jpeg,0
test_img_10519.jpeg,0
test_img_10520.jpeg,0
test_img_10521.jpeg,0
test_img_10522.jpeg,0
test_img_10523.jpeg,0
test_img_10524.jpeg,0
test_img_10525.jpeg,0
test_img_10526.jpeg,0
test_img_10527.jpeg,0
test_img_10528.jpeg,0
test_img_10529.jpeg,0
test_img_10530.jpeg,0
test_img_10531.jpeg,0
test_img_10532.jpeg,0
test_img_10533.jpeg,0
test_img_10534.jpeg,0
test_img_10535.jpeg,0
test_img_10536.jpeg,0
test_img_10537.jpeg,0
test_img_10538.jpeg,0
test_img_10539.jpeg,0
test_img_10540.jpeg,0
test_img_10541.jpeg,0
test_img_10542.jpeg,0
test_img_10543.jpeg,0
test_img_10544.jpeg,0
test_img_10545.jpeg,0
test_img_10546.jpeg,0
test_img_10547.jpeg,0
test_img_10548.jpeg,0
test_img_10549.jpeg,0
test_img_10550.jpeg,0
test_img_10551.jpeg,0
test_img_10552.jpeg,0
test_img_10553.jpeg,0
test_img_10554.jpeg,0
test_img_10555.jpeg,0
test_img_10556.jpeg,0
test_img_10557.jpeg,0
test_img_10558.jpeg,0
test_img_10559.jpeg,0
test_img_10560.jpeg,0
test_img_10561.jpeg,0
test_img_10562.jpeg,0
test_img_10563.jpeg,0
test_img_10564.jpeg,0
test_img_10565.jpeg,0
test_img_10566.jpeg,0
test_img_10567.jpeg,0
test_img_10568.jpeg,0
test_img_10569.jpeg,0
test_img_10570.jpeg,0
test_img_10571.jpeg,0
test_img_10572.jpeg,0
test_img_10573.jpeg,0
test_img_10574.jpeg,0
test_img_10575.jpeg,0
test_img_10576.jpeg,0
test_img_10577.jpeg,0
test_img_10578.jpeg,0
test_img_10579.jpeg,0
test_img_10580.jpeg,0
test_img_10581.jpeg,0
test_img_10582.jpeg,0
test_img_10583.jpeg,0
test_img_10584.jpeg,0
test_img_10585.jpeg,0
test_img_10586.jpeg,0
test_img_10587.jpeg,0
test_img_10588.jpeg,0
test_img_10589.jpeg,0
test_img_10590.jpeg,0
test_img_10591.jpeg,0
test_img_10592.jpeg,0
test_img_10593.jpeg,0
test_img_10594.jpeg,0
test_img_10595.jpeg,0
test_img_10596.jpeg,0
test_img_10597.jpeg,0
test_img_10598.jpeg,0
test_img_10599.jpeg,0
test_img_10600.jpeg,0
test_img_10601.jpeg,0
test_img_10602.jpeg,0
test_img_10603.jpeg,0
test_img_10604.jpeg,0
test_img_10605.jpeg,0
test_img_10606.jpeg,0
test_img_10607.jpeg,0
test_img_10608.jpeg,0
test_img_10609.jpeg,0
test_img_10610.jpeg,0
test_img_10611.jpeg,0
test_img_10612.jpeg,0
test_img_10613.jpeg,0
test_img_10614.jpeg,0
test_img_10615.jpeg,0
test_img_10616.jpeg,0
test_img_10617.jpeg,0
test_img_10618.jpeg,0
test_img_10619.jpeg,0
test_img_10620.jpeg,0
test_img_10621.jpeg,0
test_img_10622.jpeg,0
test_img_10623.jpeg,0
test_img_10624.jpeg,0
